Wildwood, GA
Savannah, GA
Locust Grove, GA
Douglasville, GA
Rome, GA
Rome, GA
Brunswick, GA
Ringgold, GA
Clyo, GA
Savannah, GA
Calhoun, GA
McDonough, GA
Cedartown, GA
Thomson, GA
Fairburn, GA
Stone Mountain, GA
Milledgeville, GA
Statenville, GA
Perry, GA
Brunswick, GA
Canton, GA
Tennille, GA
Griffin, GA
Gainesville, GA
Lilburn, GA
Fort Valley, GA
Marietta, GA
Powder Springs, GA
Toccoa, GA
Dawsonville, GA
Savannah, GA
Leesburg, GA
Blairsville, GA
Newnan, GA
Rincon, GA
Dallas, GA
Newborn, GA
Lindale, GA
Atlanta, GA
Baxley, GA
Marietta, GA
Suwanee, GA
Dearing, GA
Rossville, GA
Rome, GA
Valdosta, GA
Cairo, GA
Pearson, GA
Albany, GA
Bainbridge, GA
Cartersville, GA
Dallas, GA
Cedartown, GA
Jefferson, GA
Dalton, GA
Camilla, GA
Smyrna, GA
Wildwood, GA
Lakeland, GA
Albany, GA
Cave Spring, GA
Metter, GA
Harlem, GA
Dalton, GA
Americus, GA
Reidsville, GA
East Ellijay, GA
Ellijay, GA
Calhoun, GA
Cartersville, GA
Dallas, GA
Attapulgus, GA
Buena Vista, GA
Chickamauga, GA
Ashburn, GA
Canton, GA
Trenton, GA
Cohutta, GA
Alpharetta, GA
Moultrie, GA
Dallas, GA
Augusta, GA
Dunwoody, GA
Atlanta, GA
Ashburn, GA
Ringgold, GA
Dalton, GA
Rossville, GA
Cave Springs, GA
Argyle, GA
Hartwell, GA
Murrayville, GA
Augusta, GA
Austell, GA
Oxford, GA
Wildwood, GA
Savannah, GA
Albany, GA
Summerville, GA
Dalton, GA
Bremen, GA
Vidalia, GA
Douglas, GA
Bainbridge, GA
Decatur, GA
Hephzibah, GA
Cedartown, GA
Decatur, GA
Calhoun, GA
Carrollton, GA
